{
  "Delhi": {
    "lat": 28.7041,
    "lon": 77.1025
  },
  "Mumbai": {
    "lat": 19.076,
    "lon": 72.8777
  },
  "Kolkata": {
    "lat": 22.5726,
    "lon": 88.3639
  },
  "Chennai": {
    "lat": 13.0827,
    "lon": 80.2707
  },
  "Bengaluru": {
    "lat": 12.9716,
    "lon": 77.5946
  },
  "Hyderabad": {
    "lat": 17.385,
    "lon": 78.4867
  },
  "Jaipur": {
    "lat": 26.9124,
    "lon": 75.7873
  },
  "Lucknow": {
    "lat": 26.8467,
    "lon": 80.9462
  },
  "Patna": {
    "lat": 25.5941,
    "lon": 85.1376
  },
  "Ahmedabad": {
    "lat": 23.0225,
    "lon": 72.5714
  }
}